<?xml version="1.0" encoding="UTF-8" ?>
<module>
	<name>BeGateway</name>
	<displayName><![CDATA[BeGateway]]></displayName>
	<version><![CDATA[1.7.1]]></version>
	<description><![CDATA[Приём онлайн-платежей]]></description>
	<author><![CDATA[BeGateway]]></author>
	<tab><![CDATA[payments_gateways]]></tab>
	<confirmUninstall><![CDATA[Вы уверены, что хотите удалить настройки?]]></confirmUninstall>
	<is_configurable>1</is_configurable>
	<need_instance>1</need_instance>
	<limited_countries></limited_countries>
</module>
